Rank;Name;Total Net Worth;$ Last Change;$ YTD Change;Country;Industry;;;;
1;Jeff Bezos;$188B;+$1.68B;-$2.31B ;United States;Technology;;;;
2;Elon Musk;$170B;-$2.89B;+$773M ;United States;Technology;;;;
3;Bernard Arnault;$155B;+$892M;+$40.9B ;France;Consumer;;;;
4;Bill Gates;$144B;-$1.32B;+$12.2B ;United States;Technology;;;;
5;Mark Zuckerberg;$114B;+$203M;+$10.9B ;United States;Technology;;;;
6;Warren Buffett;$108B;-$2.32B;+$20.6B ;United States;Diversified;;;;
7;Larry Page;$104B;-$1.12B;+$21.6B ;United States;Technology;;;;
8;Sergey Brin;$101B;-$1.06B;+$20.8B ;United States;Technology;;;;
9;Larry Ellison;$90.6B;-$2.46B;+$10.9B ;United States;Technology;;;;
10;Steve Ballmer;$89.1B;-$342M;+$8.71B ;United States;Technology;;;;
11;Francoise Bettencourt Meyers;$83.9B;-$1.33B;+$8.11B ;France;Consumer;;;;
12;Amancio Ortega;$79.3B;-$1.07B;+$12.8B ;Spain ;Retail;;;;
13;Mukesh Ambani;$74.1B;+$402M;-$2.61B ;India;Energy;;;;
14;Charles Koch;$64.3B;-$195M;+$7.42B ;United States;Industrial;;;;
15;Julia Flesher Koch & Family;$64.3B;-$195M;+$7.42B ;United States;Industrial;;;;
16;Zhong Shanshan;$63.8B;-$289M;-$14.4B ;China;Diversified;;;;
17;Gautam Adani;$62.8B;+$210M;+$29.0B ;India;Industrial;;;;
18;Jim Walton;$62.0B;-$508M;-$479M ;United States;Retail;;;;
19;Rob Walton;$61.5B;-$496M;-$1.11B ;United States;Retail;;;;
20;Alice Walton;$60.1B;-$489M;-$2.25B ;United States;Retail;;;;
21;Ma Huateng;$58.4B;-$985M;+$1.94B ;China;Technology;;;;
22;MacKenzie Scott;$57.0B;+$582M;-$1.49B ;United States;Technology;;;;
23;Carlos Slim;$56.5B;-$348M;+$158M ;Mexico;Diversified;;;;
24;Francois Pinault;$53.7B;-$697M;+$5.93B ;France;Consumer;;;;
25;Phil Knight & Family;$53.3B;+$123M;-$622M ;United States;Consumer;;;;
26;Michael Dell;$50.4B;-$849M;+$10.2B ;United States;Technology;;;;
27;Jack Ma;$49.6B;+$208M;-$945M ;China;Technology;;;;
28;Jacqueline Badger Mars;$44.8B;-$234M;+$3.00B ;United States;Food & Beverage;;;;
29;John Mars;$44.8B;-$234M;+$3.00B ;United States;Food & Beverage;;;;
30;Zhang Yiming;$44.5B;$0;+$19.5B ;China;Technology;;;;
31;Colin Huang;$44.3B;+$1.49B;-$18.3B ;China;Technology;;;;
32;Alain Wertheimer;$43.8B;-$649M;+$4.35B ;France;Consumer;;;;
33;Gerard Wertheimer;$43.8B;-$649M;+$4.35B ;France;Consumer;;;;
34;Tadashi Yanai;$40.8B;-$165M;-$4.42B ;Japan;Retail;;;;
35;Len Blavatnik;$39.8B;-$471M;+$1.65B ;United States;Diversified;;;;
36;Giovanni Ferrero & Family;$35.1B;+$319M;+$1.01B ;Italy;Food & Beverage;;;;
37;Miriam Adelson;$33.9B;-$535M;+$33.9B ;United States;Entertainment;;;;
38;Klaus-Michael Kuehne;$33.8B;-$466M;+$9.69B ;Germany;Industrial;;;;
39;Masayoshi Son;$33.8B;-$2.30B;+$5.98B ;Japan;Technology;;;;
40;William Ding;$33.7B;+$264M;+$3.26B ;China;Technology;;;;
41;Vladimir Potanin;$33.6B;+$202M;+$3.60B ;Russia;Commodities;;;;
42;Li Ka-shing;$32.9B;-$219M;+$1.78B ;Hong Kong;Real-Estate;;;;
43;Zeng Yuqun;$32.8B;-$208M;+$1.84B ;Hong Kong;Industrial;;;;
44;Yang Huiyan;$31.9B;-$1.15B;+$1.91B ;China;Real-Estate;;;;
45;Azim Premji;$31.4B;-$347M;+$6.01B ;India;Technology;;;;
46;He Xiangjian;$31.3B;+$35.6M;-$5.48B ;China;Consumer;;;;
47;Gina Rinehart;$31.2B;-$8.31M;+$2.52B ;Australia;Commodities;;;;
48;Leonard Lauder;$30.6B;-$337M;+$2.77B ;United States;Consumer;;;;
49;Dan Gilbert;$30.4B;-$774M;-$2.86B ;United States;Real-Estate;;;;
50;Qin Yinglin;$29.8B;-$8.44M;+$7.03B ;China;Food & Beverage;;;;
51;James Dyson;$29.5B;-$302M;+$5.62B ;United Kingdom;Consumer;;;;
52;Vladimir Lisin;$29.2B;+$59.5M;+$5.33B ;Russia;Industrial;;;;
53;Jim Ratcliffe;$29.1B;+$76.0M;+$1.89B ;United Kingdom;Industrial;;;;
54;Alexey Mordashov;$28.9B;-$241M;+$5.88B ;Russia;Industrial;;;;
55;Leonid Mikhelson;$28.2B;-$44.2M;+$3.43B ;Russia;Energy;;;;
56;Takemitsu Takizaki;$27.9B;-$626M;-$4.46B ;Japan;Technology;;;;
57;Stephen Schwarzman;$27.5B;-$229M;+$5.94B ;United States;Finance;;;;
58;Pallonji Mistry;$27.4B;-$72.4M;+$2.89B ;Ireland;Industrial;;;;
59;Pang Kang;$27.1B;+$1.33B;-$4.83B ;China;Food & Beverage;;;;
60;Leonardo Del Vecchio;$27.0B;-$377M;+$2.27B ;Italy;Consumer;;;;
61;Dieter Schwarz;$26.9B;-$16.7M;+$588M ;Germany;Retail;;;;
62;Abigail Johnson;$26.5B;-$706M;+$2.51B ;United States;Finance;;;;
63;Jiang Rensheng;$26.0B;-$668M;+$7.70B ;China;Health Care;;;;
64;Iris Fontbona & Family;$25.7B;-$107M;+$5.45B ;Chile;Commodities;;;;
65;Jorge Paulo Lemann';$25.6B;-$395M;+$1.75B ;Brazil;Food & Beverage;;;;
66;Susanne Klatten;$25.5B;-$223M;+$2.57B ;Germany;Industrial;;;;
67;Zhang Zhidong;$25.1B;-$451M;+$833M ;China;Technology;;;;
68;James Simons;$25.1B;-$100M;+$2.28B ;United States;Finance;;;;
69;Stefan Persson;$24.6B;-$536M;+$3.43B ;Sweden;Retail;;;;
70;Andrew Forrest;$24.5B;-$635M;+$2.14B ;Australia;Commodities;;;;
71;Li Xiting;$24.2B;+$340M;+$919M ;Singapore;Health Care;;;;
72;Lei Jun;$24.0B;-$527M;-$7.30B ;China;Technology;;;;
73;Lee Shau Kee;$23.7B;-$420M;+$2.58B ;Hong Kong;Real-Estate;;;;
74;Eric Schmidt;$23.6B;-$251M;+$4.14B ;United States;Technology;;;;
75;Shiv Nadar;$23.2B;-$102M;-$904M ;India;Technology;;;;
76;Henry Cheng;$23.1B;-$320M;+$2.79B ;Hong Kong;Retail;;;;
77;Ken Griffin;$22.6B;-$150M;+$1.40B ;United States;Finance;;;;
78;Carl Icahn;$22.5B;-$158M;+$2.31B ;United States;Diversified;;;;
79;Elaine Marshall;$22.1B;-$174M;+$2.58B ;United States;Industrial;;;;
80;Laurene Powell Jobs;$21.9B;-$189M;+$616M ;United States;Media & Telecom;;;;
81;John Menard;$21.7B;-$648M;+$3.30B ;United States;Retail;;;;
82;Goh Cheng Liang;$21.7B;-$974M;-$5.87B ;Singapore;Industrial;;;;
83;Thomas Peterffy;$21.5B;-$232M;+$1.95B ;United States;Finance;;;;
84;Stefan Quandt;$21.4B;-$227M;+$2.60B ;Germany;Industrial;;;;
85;Sara Mota de Larrea & Family;family;$21.1B;+$65.5M;Mexico;Commodities;;;;
86;Alisher Usmanov;$20.9B;+$160M;-$192M ;Russia;Diversified;;;;
87;Lakshmi Mittal;$20.9B;-$252M;+$4.48B ;India;Retail;;;;
88;Robert Kuok;$20.8B;-$178M;+$3.37B ;Malaysia;Diversified;;;;
89;Lukas Walton;$20.5B;-$175M;-$2.05B ;United States;Retail;;;;
90;Ernesto Bertarelli & Family;$20.3B;-$175M;+$288M ;Switzerland;Diversified;;;;
91;Hui Ka Yan;$20.3B;-$426M;-$2.98B ;China;Real-Estate;;;;
92;Peter Woo;$20.0B;-$410M;+$2.00B ;Hong Kong;Real-Estate;;;;
93;Donald Newhouse;$20.0B;-$222M;+$1.53B ;United States;Media & Telecom;;;;
94;Chen Bang;$20.0B;+$583M;-$517M ;China;Health Care;;;;
95;Xu Hang;$20.0B;+$280M;+$757M ;Hong Kong;Health Care;;;;
96;Vagit Alekperov;$20.0B;-$286M;+$2.71B ;Russia;Energy;;;;
97;Lui Che-Woo;$19.6B;-$467M;+$1.20B ;Hong Kong;Entertainment;;;;
98;Roman Abramovich;$19.2B;-$132M;+$778M ;Russia;Diversified;;;;
99;Thomas Frist;$19.1B;-$383M;+$3.28B ;United States;Health Care;;;;
100;Gennady Timchenko;$18.6B;-$45.6M;+$1.97B;Russia;Diversified;;;;
101;Wang Xing;$18.4B;-$1.03B;-$3.41B ;China;Technology;;;;
102;Dietrich Mateschitz;$18.4B;-$80.3M;+$228M ;Austria;Food & Beverage;;;;
103;Wang Wei;$18.3B;+$61.8M;-$6.83B ;China;Services;;;;
104;Dustin Moskovitz;$18.2B;-$8.67M;+$1.48B ;United States;Technology;;;;
105;Lee Man Tat;$17.6B;+$154M;-$854M ;Hong Kong;Food & Beverage;;;;
106;Charlene de Carvalho-Heineken;$17.3B;-$282M;+$1.25B ;Netherlands;Food & Beverage;;;;
107;Andrey Melnichenko;$17.2B;-$52.3M;-$916M ;Russia;Industrial;;;;
108;Viktor Vekselberg;$17.1B;-$123M;+$1.01B ;Russia;Industrial;;;;
109;Ray Dalio;$17.0B;$0;+$1.52B ;United States;Finance;;;;
110;Reinhold Wuerth;$16.9B;-$359M;+$595M ;Germany;Industrial;;;;
111;Thomas Struengmann;$16.9B;-$300M;+$6.71B ;Germany;Health Care;;;;
112;Andreas Struengmann;$16.9B;-$275M;+$6.73B ;Germany;Health Care;;;;
113;Alwaleed Bin Talal;$16.7B;+$57.9M;+$484M ;Saudi Arabia;Diversified;;;;
114;Eduardo Saverin;$16.6B;+$29.9M;+$1.81B ;Brazil;Technology;;;;
115;Wu Yajun;$16.6B;-$407M;+$442M ;China;Real-Estate;;;;
116;Zhong Huijuan;$16.6B;-$987M;-$3.23B ;China;Health Care;;;;
117;Sun Piaoyang;$16.5B;+$596M;-$4.77B ;China;Health Care;;;;
118;Gustaf Douglas & Family;$16.5B;-$359M;+$3.02B ;Sweden;Diversified;;;;
119;Aliko Dangote;$16.4B;+$113M;-$1.39B ;Nigeria;Industrial;;;;
120;Richard Liu;$16.4B;+$316M;-$3.30B ;China;Technology;;;;
121;Li Shu Fu;$16.4B;-$473M;-$5.78B ;China;Industrial;;;;
122;Cyrus Poonawalla;$16.2B;-$45.0M;-$25.5M ;India;Health Care;;;;
123;Budi Hartono;$16.2B;+$111M;-$1.15B ;Indonesia;Diversified;;;;
124;Hasso Plattner;$16.0B;-$252M;+$771M ;Germany;Technology;;;;
125;Wang Wenyin;$15.9B;-$456M;+$6.04B ;China;Commodities;;;;
126;Ernie Garcia;$15.9B;-$243M;+$418M ;United States;Consumer;;;;
127;Ned Johnson III;$15.7B;-$393M;+$1.98B ;United States;Finance;;;;
128;Charoen Sirivadhanabhakdi;$15.7B;-$177M;-$23.7M ;Thailand;Food & Beverage;;;;
129;Donald Bren;$15.7B;$0;+$930M ;United States;Real-Estate;;;;
130;Ricardo Salinas;$15.5B;-$52.8M;+$2.57B ;Mexico;Diversified;;;;
131;Patrick Soon-Shiong;$15.5B;-$355M;+$4.89B ;United States;Health Care;;;;
132;Philip Anschutz;$15.4B;-$105M;+$1.64B ;United States;Diversified;;;;
133;Radhakishan Damani;$15.4B;+$8.99M;+$481M ;India;Retail;;;;
134;Michael Hartono;$15.2B;+$105M;-$1.12B ;Indonesia;Diversified;;;;
135;Ma Jianrong;$15.0B;-$357M;+$1.87B ;China;Consumer;;;;
136;Jorge Moll & Family;$15.0B;-$179M;+$608M ;Brazil;Health Care;;;;
137;Charles Ergen;$14.8B;-$100M;+$4.15B ;United States;Media & Telecom;;;;
138;Dave Duffield;$14.7B;+$202M;+$41.5M ;United States;Technology;;;;
139;Eric Yuan;$14.7B;+$556M;-$1.72B ;United States;Technology;;;;
140;Uday Kotak;$14.6B;-$359M;-$1.75B ;India;Finance;;;;
141;David Tepper;$14.4B;-$25.0M;+$1.61B ;United States;Finance;;;;
142;Karl Albrecht Jr.;$14.3B;+$11.7M;+$306M ;Germany;Retail;;;;
143;Beate Heister;$14.3B;+$11.7M;+$306M ;Germany;Retail;;;;
144;Zuo Hui;$14.2B;+$428M;-$3.92B ;China;Real-Estate;;;;
145;Jim Goodnight;$14.2B;-$275M;+$1.11B ;United States;Technology;;;;
146;Patrick Drahi;$14.2B;-$27.1M;-$95.8M ;France;Media & Telecom;;;;
147;Su Hua;$14.1B;-$789M;+$6.92B ;China;Technology;;;;
148;Huang Shilin;$14.1B;-$88.0M;+$779M ;China;Industrial;;;;
149;Scott Farquhar;$13.8B;+$511M;-$534M ;Australia;Technology;;;;
150;Mike Cannon-Brookes;$13.8B;+$511M;-$534M ;Australia;Technology;;;;
151;Mikhail Fridman;$13.8B;-$159M;-$628M ;Russia;Diversified;;;;
152;Robin Li;$13.7B;+$439M;-$1.94B ;China;Technology;;;;
153;Chen Zhiping;$13.6B;-$122M;-$2.05B ;China;Consumer;;;;
154;Mikhail Prokhorov;$13.6B;-$27.6M;+$780M ;Russia;Diversified;;;;
155;Jensen Huang;$13.5B;+$36.5M;+$1.19B ;United States;Technology;;;;
156;Fan Hongwei;$13.4B;-$667M;+$902M ;China;Energy;;;;
157;Jim Davis;$13.3B;+$328M;-$428M ;United States;Consumer;;;;
158;Joseph Tsai;$13.2B;+$72.8M;+$603M ;Canada;Technology;;;;
159;Hugh Grosvenor;$13.2B;$0;+$525M ;United Kingdom;Real-Estate;;;;
160;Alejandro Santo Domingo & Family;$13.0B;-$178M;+$521M ;Colombia;Food & Beverage;;;;
161;Cen Junda;$12.9B;+$157M;-$4.01B ;China;Health Care;;;;
162;Jan Koum;$12.9B;-$75.0M;+$850M ;United States;Technology;;;;
163;Wang Jianlin;$12.8B;-$125M;-$2.30B ;China;Real-Estate;;;;
164;Zhou Qunfei;$12.7B;+$76.9M;-$2.29B ;China;Technology;;;;
165;Victor Rashnikov;$12.6B;-$99.8M;+$1.46B ;Russia;Industrial;;;;
166;Raymond Kwok;$12.6B;-$160M;+$1.42B ;Hong Kong;Real-Estate;;;;
167;Forrest Li;$12.6B;+$346M;+$1.65B ;Singapore;Technology;;;;
168;Sherry Brydson;$12.6B;-$49.4M;+$1.61B ;Canada;Media & Telecom;;;;
169;Dang Yanbao;$12.6B;-$909M;+$3.18B ;China;Energy;;;;
170;Lee Jae-Yong & Family;$12.6B;-$271M;-$15.4B ;Korea;Diversified;;;;
171;Paolo Rocca  & Family;$12.6B;-$109M;+$2.58B ;Italy;Commodities;;;;
172;Wu Shaoxun;$12.5B;+$242M;-$3.91B ;China;Food & Beverage;;;;
173;Wang Chuan-Fu;$12.5B;-$59.5M;-$3.59B ;China;Consumer;;;;
174;Carl Cook;$12.5B;-$251M;+$1.86B ;United States;Health Care;;;;
175;Jack Dorsey;$12.5B;+$229M;-$177M ;United States;Technology;;;;
176;Robert Pera;$12.4B;+$263M;+$211M ;United States;Technology;;;;
177;Leng You-Bin;$12.4B;+$367M;+$1.61B ;China;Consumer;;;;
178;Melker Schorling;$12.2B;-$300M;+$856M ;Sweden;Diversified;;;;
179;Charles Schwab;$12.2B;-$107M;+$2.33B ;United States;Finance;;;;
180;Brian Chesky;$12.2B;-$306M;-$311M ;United States;Services;;;;
181;Marcel Telles;$12.2B;-$178M;+$857M ;Brazil;Food & Beverage;;;;
182;Thomas Kwok;$12.1B;-$152M;+$1.35B ;Hong Kong;Real-Estate;;;;
183;Dilip Shanghvi;$12.1B;+$207M;+$1.89B ;India;Health Care;;;;
184;Pierre Omidyar;$12.1B;+$115M;+$837M ;United States;Technology;;;;
185;Savitri Jindal;$11.9B;-$266M;+$4.59B ;India;Commodities;;;;
186;Gong Hongjia;$11.8B;-$20.8M;+$1.73B ;China;Technology;;;;
187;Brian Armstrong;$11.7B;+$369M;+$1.55B ;United States;Technology;;;;
188;Liu Yongxing;$11.6B;+$321M;+$1.81B ;China;Industrial;;;;
189;Patrick Collison;$11.4B;$0;+$7.08B ;Ireland;Technology;;;;
190;John Collison;$11.4B;$0;+$7.08B ;Ireland;Technology;;;;
191;Harry Triguboff;$11.3B;$0;+$1.58B ;Australia;Real-Estate;;;;
192;Gordon Moore;$11.3B;-$173M;+$1.00B ;United States;Technology;;;;
193;Micky Arison;$11.2B;-$83.4M;+$1.14B ;United States;Entertainment;;;;
194;Cheng Yixiao;$11.2B;-$626M;+$5.49B ;China;Technology;;;;
195;Marijke Mars;$11.2B;-$58.2M;+$748M ;United States;Food & Beverage;;;;
196;Victoria Mars;$11.2B;-$58.2M;+$748M ;United States;Food & Beverage;;;;
197;Pamela Mars-Wright;$11.2B;-$58.2M;+$748M ;United States;Food & Beverage;;;;
198;Valerie Mars;$11.2B;-$58.2M;+$748M ;United States;Food & Beverage;;;;
199;Eyal Ofer;$11.1B;-$86.4M;+$747M ;Israel;Services;;;;
200;Stefano Pessina;$11.0B;-$151M;+$2.29B;Monaco;Retail;;;;
201;Heinrich Deichmann & Family;$11.0B;-$164M;+$453M ;Germany;Retail;;;;
202;David Sun;$11.0B;-$547M;+$962M ;United States;Technology;;;;
203;John Tu;$11.0B;-$547M;+$962M ;United States;Technology;;;;
204;Anders Holch Povlsen & Family;$11.0B;-$160M;+$1.63B ;Denmark;Retail;;;;
205;Bobby Murphy;$10.9B;+$230M;+$828M ;United States;Technology;;;;
206;Graeme Hart;$10.9B;-$20.9M;-$918M ;New Zealand;Finance;;;;
207;Leon Black;$10.9B;-$35.6M;+$892M ;United States;Finance;;;;
208;David Geffen;$10.8B;-$57.4M;-$267M ;United States;Entertainment;;;;
209;Steve Cohen;$10.8B;-$8.82M;+$652M ;United States;Finance;;;;
210;Dmitry Rybolovlev;$10.8B;-$28.3M;+$421M ;Russia;Diversified;;;;
211;Ding Shizhong;$10.8B;-$213M;+$1.04B ;China;Consumer;;;;
212;Emmanuel Besnier;$10.8B;-$96.6M;+$583M ;France;Food & Beverage;;;;
213;Liu Yonghao;$10.8B;+$72.2M;-$2.60B ;China;Diversified;;;;
214;Wei Jianjun;$10.7B;-$325M;-$2.07B ;China;Consumer;;;;
215;Reinhold Schmieding;$10.7B;-$98.8M;+$1.95B ;United States;Health Care;;;;
216;Carlos Sicupira;$10.6B;-$141M;+$584M ;Brazil;Food & Beverage;;;;
217;Frank Wang;$10.6B;+$144M;+$940M ;China;Technology;;;;
218;Li Shuirong;$10.6B;-$1.03B;-$1.19B ;China;Energy;;;;
219;Pham Nhat Vuong;$10.5B;-$128M;+$2.01B ;Viet Nam;Real-Estate;;;;
220;Michael Kadoorie;$10.5B;-$131M;+$645M ;Hong Kong;Energy;;;;
221;Ding Shijia;$10.5B;-$207M;+$1.01B ;China;Consumer;;;;
222;Seo Jung-Jin;$10.4B;-$227M;-$4.66B ;Korea;Health Care;;;;
223;Stan Druckenmiller;$10.4B;+$4.60B;+$4.60B ;United States;Finance;;;;
224;Kumar Birla;$10.4B;-$62.6M;+$3.55B ;India;Industrial;;;;
225;Kim Jung-Ju;$10.4B;-$284M;+$51.1M ;Korea;Technology;;;;
226;Georg Schaeffler;$10.3B;-$203M;-$409M ;Germany;Industrial;;;;
227;Rinat Akhmetov;$10.3B;-$85.2M;+$2.81B ;Ukraine;Industrial;;;;
228;Blair Parry-Okeden;$10.3B;-$124M;+$1.04B ;United States;Media & Telecom;;;;
229;Jim Kennedy;$10.3B;-$99.0M;+$1.04B ;United States;Media & Telecom;;;;
230;Suleiman Kerimov;$10.3B;+$17.5M;+$398M ;Russia;Commodities;;;;
231;Brian Kim;$10.3B;-$159M;+$3.34B ;Korea;Technology;;;;
232;Shu Ping;$10.3B;+$307M;-$4.26B ;Singapore;Food & Beverage;;;;
233;Evan Spiegel;$10.3B;+$183M;+$827M ;United States;Technology;;;;
234;Michael Platt;$10.2B;-$100M;+$5.35B ;United Kingdom;Finance;;;;
235;Qi Shi;$10.2B;+$201M;+$41.0M ;China;Finance;;;;
236;Zhang Yong;$10.2B;+$307M;-$4.26B ;Singapore;Food & Beverage;;;;
237;Jay Chaudhry;$10.2B;+$254M;-$1.64B ;United States;Technology;;;;
238;Anthony Pratt;$10.2B;-$55.2M;+$2.38B ;Australia;Industrial;;;;
239;Johann Graf;$10.1B;$0;+$50.0M ;Austria;Entertainment;;;;
240;Dietmar Hopp;$10.1B;-$179M;+$432M ;Germany;Technology;;;;
241;Michael Otto;$10.1B;-$96.6M;+$72.6M ;Germany;Retail;;;;
242;Antonia Axson Johnson;$10.1B;-$57.9M;+$973M ;Sweden;Industrial;;;;
243;George Roberts;$10.0B;-$96.7M;+$1.66B ;United States;Finance;;;;
244;Nathan Blecharczyk;$9.99B;-$278M;-$271M ;United States;Services;;;;
245;Joe Gebbia;$9.97B;-$278M;-$295M ;United States;Services;;;;
246;Gianluigi Aponte;$9.95B;$0;+$392M ;Switzerland;Services;;;;
247;John Fredriksen;$9.91B;-$103M;+$1.21B ;Cyprus;Industrial;;;;
248;Yao Liangsong;$9.86B;-$258M;+$1.45B ;China;Retail;;;;
249;Giorgio Armani;$9.77B;-$352M;+$2.14B ;Italy;Consumer;;;;
250;Sarath Ratanavadi;$9.77B;-$19.6M;+$510M ;Thailand;Energy;;;;
251;Henry Kravis;$9.76B;-$117M;+$1.52B ;United States;Finance;;;;
252;Christy Walton;$9.76B;-$73.7M;-$244M ;United States;Retail;;;;
253;Luis Sarmiento;$9.75B;-$7.99M;-$947M ;Colombia;Finance;;;;
254;Cai Kui;$9.74B;-$220M;+$467M ;China;Real-Estate;;;;
255;Stan Kroenke;$9.72B;$0;+$1.37B ;United States;Real-Estate;;;;
256;Niels Louis-Hansen;$9.68B;-$195M;+$389M ;Denmark;Health Care;;;;
257;Les Wexner;$9.65B;-$100M;+$1.68B ;United States;Retail;;;;
258;Sunil Mittal;$9.59B;-$57.8M;+$696M ;India;Media & Telecom;;;;
259;Tobi Lutke;$9.57B;+$231M;-$264M ;Canada;Technology;;;;
260;Alberto Bailleres;$9.57B;-$87.6M;-$698M ;Mexico;Commodities;;;;
261;Tito Beveridge;$9.55B;-$84.6M;+$2.63B ;United States;Consumer;;;;
262;Anthony Bamford & Family;$9.51B;-$204M;+$1.69B ;United Kingdom;Industrial;;;;
263;Tim Sweeney;$9.47B;-$25.0M;+$25.0M ;United States;Technology;;;;
264;Zhao Yan;$9.47B;+$239M;+$2.40B ;China;Health Care;;;;
265;Jorn Rausing;$9.46B;-$118M;-$337M ;Sweden;Services;;;;
266;Zhang Bangxin;$9.43B;-$182M;-$3.11B ;China;Services;;;;
267;August von Finck;$9.42B;-$111M;-$23.2M ;Germany;Diversified;;;;
268;Andy Beal;$9.40B;-$67.8M;+$599M ;United States;Finance;;;;
269;George Lucas;$9.40B;-$95.7M;+$220M ;United States;Entertainment;;;;
270;German Khan;$9.39B;-$89.8M;-$395M ;Russia;Diversified;;;;
271;Wee Cho Yaw;$9.39B;-$135M;+$917M ;Singapore;Finance;;;;
272;Denise Coates;$9.37B;-$565M;-$876M ;United Kingdom;Entertainment;;;;
273;Alexander Abramov;$9.34B;-$51.0M;+$956M ;Russia;Industrial;;;;
274;Qian Dongqi;$9.32B;-$313M;+$4.10B ;China;Technology;;;;
275;Harold Hamm;$9.32B;+$74.1M;+$4.22B ;United States;Energy;;;;
276;Iskandar Makhmudov;$9.31B;+$250M;+$1.46B ;Russia;Commodities;;;;
277;John Malone;$9.29B;-$46.3M;+$1.22B ;United States;Media & Telecom;;;;
278;Hansjoerg Wyss;$9.27B;-$35.6M;+$347M ;Switzerland;Health Care;;;;
279;Rupert Murdoch;$9.20B;+$19.7M;+$1.75B ;United States;Media & Telecom;;;;
280;James Pattison;$9.18B;-$33.6M;+$1.59B ;Canada;Media & Telecom;;;;
281;Jude Reyes;$9.18B;-$138M;+$1.24B ;United States;Consumer;;;;
282;Chris Reyes;$9.18B;-$138M;+$1.24B ;United States;Consumer;;;;
283;Tatyana Bakalchuk;$9.14B;+$136M;+$49.9M ;Russia;Technology;;;;
284;Gabe Newell;$9.06B;+$100M;-$114M ;United States;Technology;;;;
285;Andrew Currie;$8.97B;+$23.6M;+$588M ;United Kingdom;Industrial;;;;
286;Johann Rupert & Family;$8.94B;-$115M;+$924M ;South Africa;Diversified;;;;
287;Silvio Berlusconi;$8.94B;-$105M;+$856M ;Italy;Media & Telecom;;;;
288;John Reece;$8.91B;+$23.4M;+$584M ;United Kingdom;Industrial;;;;
289;Cheng Xue;$8.90B;+$442M;-$1.48B ;China;Food & Beverage;;;;
290;Willi Liebherr;$8.86B;-$193M;+$963M ;Germany;Industrial;;;;
291;Isolde Liebherr;$8.86B;-$193M;+$963M ;Germany;Industrial;;;;
292;John Albert Sobrato;$8.84B;$0;$0 ;United States;Real-Estate;;;;
293;Marc Benioff;$8.83B;+$27.7M;-$93.0M ;United States;Technology;;;;
294;Denis Sverdlov;$8.80B;-$130M;+$4.17B ;Russia;Technology;;;;
295;Li Zhenguo;$8.80B;-$147M;+$496M ;China;Energy;;;;
296;Sandra Ortega Mera;$8.74B;-$134M;+$1.02B ;Spain;Retail;;;;
297;Hui Wing Mau;$8.74B;-$193M;-$768M ;Hong Kong;Real-Estate;;;;
298;Liu Jincheng;$8.71B;-$292M;+$621M ;China;Industrial;;;;
299;Theo Albrecht Jr.;$8.71B;-$193M;+$53.7M ;Germany;Retail;;;;
300;Dennis Washington;$8.69B;-$49.8M;+$1.56B ;United States;Industrial;;;;
301;Stephen Ross;$8.69B;-$128M;+$327M ;United States;Real-Estate;;;;
302;Lin Bin;$8.66B;-$189M;-$3.16B ;United States;Technology;;;;
303;Mohammed Al Amoudi;$8.66B;+$28.7M;+$1.09B ;Saudi Arabia;Energy;;;;
304;Robert Smith;$8.65B;$0;+$1.60B ;United States;Finance;;;;
305;Rocco Commisso;$8.64B;-$64.4M;-$1.30B ;United States;Media & Telecom;;;;
306;Benu Bangur;$8.61B;+$81.0M;+$1.05B ;India;Commodities;;;;
307;German Larrea;$8.61B;+$19.2M;+$2.30B ;Mexico;Commodities;;;;
308;Anthony von Mandl;$8.60B;-$102M;+$2.60B ;Canda;Consumer;;;;
309;Shigenobu Nagamori;$8.60B;-$273M;-$986M ;Japan;Industrial;;;;
310;Lu Zhongfang;$8.60B;+$563M;-$3.19B ;China;Services;;;;
311;Jerry Jones;$8.56B;-$45.8M;+$2.17B ;United States;Entertainment;;;;
312;Pei Zhenhua;$8.48B;-$58.9M;+$624M ;China;Industrial;;;;
313;Sun Hongbin;$8.45B;-$147M;+$648M ;United States;Real-Estate;;;;
314;Ugur Sahin;$8.45B;-$185M;+$4.98B ;Germany;Health Care;;;;
315;Joseph Lau;$8.39B;-$68.9M;+$742M ;Hong Kong;Real-Estate;;;;
316;Xu Shihui;$8.32B;-$78.2M;+$366M ;China;Food & Beverage;;;;
317;Li Ge;$8.30B;+$101M;+$507M ;United States;Health Care;;;;
318;Ned Johnson IV;$8.29B;-$188M;+$967M ;United States;Finance;;;;
319;Elizabeth Johnson;$8.29B;-$187M;+$964M ;United States;Finance;;;;
320;Alexander Otto;$8.28B;-$48.4M;+$286M ;Germany;Real-Estate;;;;
321;Ruan Xueping;$8.28B;+$34.8M;-$265M ;China;Industrial;;;;
322;Ruan Liping;$8.28B;+$9.78M;-$290M ;China;Industrial;;;;
323;Daniel Dines;$8.27B;+$1.03B;+$3.56B ;Romania;Technology;;;;
324;Carl Bennet;$8.25B;-$204M;+$1.39B ;Sweden;Finance;;;;
325;Izzy Englander;$8.25B;-$28.3M;+$1.48B ;United States;Finance;;;;
326;Magdalena Martullo;$8.24B;-$192M;-$270M ;Switzerland;Industrial;;;;
327;Laurent Dassault;$8.19B;-$47.3M;+$550M ;France;Diversified;;;;
328;Marie-Helene Habert-Dassault;$8.19B;-$47.4M;+$550M ;France;Diversified;;;;
329;Thierry Dassault;$8.19B;-$47.3M;+$550M ;France;Diversified;;;;
330;Ralph Lauren;$8.17B;-$89.8M;+$812M ;United States;Consumer;;;;
331;Richard Kinder;$8.16B;-$96.9M;+$1.35B ;United States;Energy;;;;
332;Kei Hoi Pang;$8.12B;-$47.0M;-$283M ;China;Real-Estate;;;;
333;Juan Beckmann Vidal & Family;$8.11B;-$62.5M;-$319M ;Mexico;Food & Beverage;;;;
334;Shahid Khan;$8.09B;-$40.0M;-$102M ;United States;Consumer;;;;
335;Yu Renrong;$8.01B;+$109M;+$1.28B ;China;Technology;;;;
336;Mat Ishbia;$8.00B;+$78.9M;-$3.35B ;United States;Finance;;;;
337;Rahel Blocher;$7.99B;-$167M;-$295M ;Switzerland;Industrial;;;;
338;Ludwig Merckle;$7.99B;-$108M;+$584M ;Germany;Industrial;;;;
339;Chen Jianhua;$7.98B;-$441M;-$1.30B ;China;Industrial;;;;
340;Frank Lowy;$7.93B;-$75.0M;+$525M ;Australia;Real-Estate;;;;
341;Nicky Oppenheimer;$7.83B;-$25.0M;+$675M ;South Africa;Diversified;;;;
342;David Thomson;$7.81B;-$34.8M;+$1.00B ;Canada;Media & Telecom;;;;
343;Taylor Thomson;$7.81B;-$36.7M;+$999M ;Canada;Media & Telecom;;;;
344;Peter Thomson;$7.81B;-$36.7M;+$999M ;Canada;Media & Telecom;;;;
345;Bob Rich;$7.81B;-$85.5M;+$720M ;United States;Food & Beverage;;;;
346;Leonid Fedun;$7.80B;-$119M;+$1.13B ;Russia;Energy;;;;
347;Nusli Wadia;$7.76B;+$57.7M;-$128M ;India;Diversified;;;;
348;Geoffrey Kwok;$7.73B;-$99.2M;+$1.02B ;Hong Kong;Real-Estate;;;;
349;Finn Rausing;$7.66B;-$51.6M;-$35.0M ;Sweden;Services;;;;
350;Kirsten Rausing;$7.66B;-$51.6M;-$35.0M ;Sweden;Services;;;;
351;George Soros;$7.60B;$0;$0 ;United States;Finance;;;;
352;Steven Spielberg;$7.58B;-$75.0M;+$425M ;United States;Entertainment;;;;
353;Charles Cadogan;$7.57B;$0;+$510M ;United Kingdom;Real-Estate;;;;
354;Liu Hanyuan;$7.52B;-$48.4M;+$107M ;China;Industrial;;;;
355;Liz Mohn;$7.52B;-$113M;+$763M ;Germany;Media & Telecom;;;;
356;Ronda Stryker;$7.50B;-$104M;+$276M ;United States;Health Care;;;;
357;Yu Yong;$7.49B;-$330M;+$2.08B ;China;Finance;;;;
358;Chase Coleman;$7.47B;-$13.8M;+$2.11B ;United States;Finance;;;;
359;Andy Bechtolsheim;$7.45B;-$18.3M;+$582M ;Germany;Technology;;;;
360;Hong Ra-hee;$7.44B;-$276M;+$414M ;Korea;Diversified;;;;
361;Tammy Gustavson;$7.43B;-$46.0M;+$944M ;United States;Services;;;;
362;Lin Jianhua;$7.42B;-$156M;+$167M ;China;Technology;;;;
363;Martin Viessmann & Family;$7.42B;-$138M;+$427M ;Germany;Industrial;;;;
364;Frederik Paulsen;$7.41B;+$80.6M;+$2.35B ;Sweden;Health Care;;;;
365;Laurence Graff;$7.40B;-$158M;+$1.20B ;United Kingdom;Consumer;;;;
366;Takahisa Takahara;$7.39B;-$191M;-$1.70B ;Japan;Consumer;;;;
367;John Grayken;$7.36B;-$121M;-$852M ;Ireland;Finance;;;;
368;Gang Ye;$7.29B;+$207M;+$990M ;Singapore;Technology;;;;
369;Samuel Yin;$7.28B;+$159M;+$2.88B ;Taiwan;Diversified;;;;
370;Wang Laisheng;$7.27B;-$15.6M;-$3.22B ;China;Industrial;;;;
371;Sri Prakash Lohia;$7.26B;-$98.2M;+$365M ;Indonesia;Industrial;;;;
372;Axel Oberwelland;$7.24B;-$63.3M;+$1.41B ;Germany;Food & Beverage;;;;
373;Mohamed Al Jaber;$7.20B;+$1.46M;+$8.55M ;Saudi Arabia;Retail;;;;
374;Gwendolyn Sontheim Meyer;$7.17B;-$25.0M;+$1.13B ;United States;Commodities;;;;
375;Pauline Keinath;$7.17B;-$25.0M;+$1.13B ;United States;Commodities;;;;
376;Tom Gores;$7.17B;-$25.0M;+$2.02B ;United States;Finance;;;;
377;Hiroshi Mikitani;$7.13B;-$237M;+$1.20B ;Japan;Retail;;;;
378;Jian Jun;$7.13B;+$243M;+$2.46B ;China;Consumer;;;;
379;Teh Hong Piow;$7.11B;-$14.3M;+$231M ;Malaysia;Finance;;;;
380;Terry Pegula;$7.10B;-$25.0M;+$800M ;United States;Energy;;;;
381;Alexey Kuzmichev;$7.08B;-$69.8M;-$333M ;Russia;Diversified;;;;
382;John Sall;$7.08B;-$137M;+$553M ;United States;Technology;;;;
383;Antti Herlin;$7.03B;-$96.0M;+$195M ;Finland;Industrial;;;;
384;Chris Hohn;$7.02B;-$46.6M;+$3.02B ;United Kingdom;Finance;;;;
385;David Shaw;$7.02B;-$52.1M;+$1.14B ;United States;Finance;;;;
386;Nassef Sawiris;$7.01B;-$70.0M;+$411M ;Egypt;Industrial;;;;
387;Alain Merieux;$7.01B;-$34.0M;-$1.12B ;France;Health Care;;;;
388;Natie Kirsh;$7.01B;-$5.47M;+$548M ;South Africa;Food & Beverage;;;;
389;Kenneth Dart;$6.98B;-$148M;+$659M ;Cayman Islands;Finance;;;;
390;Horst Pudwill;$6.97B;-$173M;+$1.64B ;Hong Kong;Consumer;;;;
391;Shari Arison;$6.97B;-$115M;+$419M ;Israel;Diversified;;;;
392;Nancy Laurie;$6.97B;-$54.0M;-$10.5M ;United States;Retail;;;;
393;Wang Yusuo;$6.96B;+$99.0M;+$2.20B ;China;Energy;;;;
394;Tan Kim Choo;$6.95B;-$131M;+$2.56B ;Singapore;Real-Estate;;;;
395;Stef Wertheimer;$6.88B;-$50.0M;+$350M ;Israel;Diversified;;;;
396;Pankaj Patel;$6.86B;+$75.5M;+$1.58B ;India;Health Care;;;;
397;Kjeld Kirk Kristiansen;$6.83B;-$95.5M;-$280M ;Denmark;Consumer;;;;
398;Ray Hunt;$6.83B;-$93.3M;+$2.12B ;United States;Energy;;;;
399;Margaretta Taylor;$6.81B;-$65.5M;+$696M ;United States;Media & Telecom;;;;
400;James Cox Chambers;$6.81B;-$65.5M;+$696M ;United States;Media & Telecom;;;;
401;Katharine Rayner;$6.81B;-$65.5M;+$696M ;United States;Media & Telecom;;;;
402;Fredrik Lundberg;$6.78B;-$159M;+$386M ;Sweden;Real-Estate;;;;
403;Chu Mang Yee;$6.78B;+$67.2M;+$2.44B ;China;Real-Estate;;;;
405;Ernest Garcia III;$6.73B;-$84.1M;-$9.85M ;United States;Consumer;;;;
406;Bertil Hult;$6.72B;-$158M;+$1.05B ;Sweden;Diversified;;;;
407;Eric Smidt;$6.71B;-$278M;+$1.12B ;United States;Retail;;;;
408;Vincent Bollore;$6.69B;+$2.24M;+$1.49B ;France;Diversified;;;;
409;Joe Lewis;$6.68B;-$53.3M;+$187M ;United Kingdom;Diversified;;;;
410;Josh Harris;$6.67B;-$17.7M;+$563M ;United States;Finance;;;;
411;J K Irving;$6.67B;+$3.96M;+$419M ;Canada;Commodities;;;;
412;Ronald McAulay;$6.66B;-$56.0M;+$346M ;Hong Kong;Energy;;;;
413;Jean-Michel Besnier;$6.64B;-$59.6M;+$359M ;France;Food & Beverage;;;;
414;Randa Williams;$6.63B;-$32.4M;+$778M ;United States;Energy;;;;
415;Dannine Avara;$6.63B;-$32.4M;+$778M ;United States;Energy;;;;
416;Scott Duncan;$6.63B;-$32.4M;+$778M ;United States;Energy;;;;
417;Milane Frantz;$6.63B;-$32.4M;+$778M ;United States;Energy;;;;
418;Sofie Kirk Kristiansen;$6.63B;-$70.5M;-$305M ;Denmark;Consumer;;;;
419;Agnete Kirk Thinggaard;$6.63B;-$70.5M;-$305M ;Denmark;Consumer;;;;
420;Thomas Kirk Kristiansen;$6.63B;-$70.5M;-$305M ;Denmark;Consumer;;;;
421;Wang Laichun;$6.60B;-$15.5M;-$3.24B ;China;Industrial;;;;
422;Xavier Niel;$6.60B;+$57.8M;-$713M ;France;Technology;;;;
423;Lynn Schusterman;$6.58B;-$26.3M;+$381M ;United States;Energy;;;;
424;Lai Meisong;$6.58B;-$79.5M;+$402M ;China;Services;;;;
425;Tom Morris;$6.55B;-$123M;+$955M ;United Kingdom;Retail;;;;
426;Yasumitsu Shigeta;$6.55B;-$107M;-$545M ;Japan;Media & Telecom;;;;
427;K P Singh;$6.54B;-$6.28M;+$874M ;India;Real-Estate;;;;
428;Rahul Bajaj;$6.53B;-$21.8M;+$966M ;India;Diversified;;;;
429;Simon Reuben;$6.50B;-$50.0M;+$150M ;United Kingdom;Diversified;;;;
430;David Reuben;$6.50B;-$25.0M;+$150M ;United Kingdom;Diversified;;;;
431;Leaf Hua Li;$6.46B;+$413M;+$4.15B ;China;Technology;;;;
432;George Kaiser;$6.42B;-$31.8M;+$450M ;United States;Energy;;;;
433;Bom Kim;$6.39B;-$143M;+$5.49B ;United States;Technology;;;;
434;Andrey Guryev;$6.38B;+$42.6M;+$1.26B ;Russia;Industrial;;;;
435;Chung Mong-Koo;$6.37B;-$58.7M;+$688M ;Korea;Industrial;;;;
436;Jean-Pierre Cayard;$6.35B;-$108M;+$588M ;France;Food & Beverage;;;;
437;Peter Thiel;$6.31B;+$237M;-$330M ;United States;Finance;;;;
438;Jane Lauder;$6.30B;-$71.4M;+$596M ;United States;Consumer;;;;
439;Udo Tschira;$6.29B;-$134M;+$303M ;Germany;Technology;;;;
440;Harald Tschira;$6.29B;-$134M;+$303M ;Germany;Technology;;;;
441;Lv Xiang-yang;$6.26B;-$61.9M;+$1.87B ;China;Consumer;;;;
442;Bubba Cathy;$6.25B;-$20.2M;+$260M ;United States;Food & Beverage;;;;
443;Ivan Glasenberg;$6.24B;-$54.2M;+$1.81B ;Australia;Commodities;;;;
444;Dan Cathy;$6.24B;-$23.6M;+$256M ;United States;Food & Beverage;;;;
445;Andre Hoffmann;$6.23B;-$94.5M;+$304M ;Switzerland;Health Care;;;;
446;Philip Ng;$6.23B;-$71.1M;+$1.29B ;Singapore;Real-Estate;;;;
447;Petr Aven;$6.20B;-$43.0M;+$83.4M ;Russia;Diversified;;;;
448;Mark Shoen;$6.16B;-$138M;+$1.35B ;United States;Services;;;;
449;Robert Ng;$6.16B;-$69.3M;+$1.28B ;Singapore;Real-Estate;;;;
450;Tsai Eng-Meng;$6.15B;-$43.5M;+$194M ;Taiwan;Food & Beverage;;;;
451;Isaac Perlmutter;$6.14B;-$67.6M;+$38.7M ;United States;Entertainment;;;;
452;Linda Campbell;$6.14B;-$33.9M;+$785M ;Canada;Media & Telecom;;;;
453;Gaye Farncombe;$6.14B;-$8.88M;+$785M ;Canada;Media & Telecom;;;;
454;Michael Herz & Family;$6.14B;-$17.5M;+$331M ;Germany;Consumer;;;;
455;Olav Thon;$6.13B;-$59.0M;+$300M ;Norway;Real-Estate;;;;
456;Barry Lam;$6.13B;-$165M;+$626M ;Taiwan;Technology;;;;
457;Robert Rowling;$6.12B;-$107M;-$19.7M ;United States;Energy;;;;
458;Barry Diller;$6.12B;+$69.7M;+$568M ;United States;Technology;;;;
459;Wolfgang Herz & Family;$6.12B;-$17.5M;+$313M ;Germany;Consumer;;;;
460;Leonard Stern;$6.10B;-$25.0M;+$604M ;United States;Real-Estate;;;;
461;Wang Wenjing;$6.10B;+$2.56M;-$1.77B ;China;Technology;;;;
462;Manuel Villar;$6.06B;-$1.73M;-$609M ;Philippines;Diversified;;;;
463;Charles Butt & Family;$6.06B;-$223M;+$731M ;United States;Retail;;;;
464;Anthony Wood;$6.04B;+$220M;-$502M ;United States;Technology;;;;
465;Peter-Alexander Wacker & Family;$6.04B;-$43.7M;+$312M ;Germany;Industrial;;;;
466;Andreas Halvorsen;$6.01B;-$14.7M;+$1.94B ;Norway;Finance;;;;
467;Terry Gou;$5.99B;-$160M;-$615M ;Taiwan;Industrial;;;;
468;Robert Kraft;$5.99B;+$56.3k;+$973M ;United States;Entertainment;;;;
469;Ann Kroenke;$5.97B;-$50.7M;-$134M ;United States;Retail;;;;
470;Henry Samueli;$5.96B;+$38.4M;+$71.5M ;United States;Technology;;;;
471;Frits Goldschmeding;$5.96B;-$118M;+$698M ;Netherlands;Retail;;;;
472;Arthur Irving;$5.95B;-$98.8M;-$1.58B ;Canada;Energy;;;;
473;Andrey Kozitsyn;$5.93B;+$20.6M;+$1.72B ;Russia;Industrial;;;;
474;Vera Michalski-Hoffmann;$5.92B;-$97.7M;+$76.5M ;Switzerland;Health Care;;;;
475;Maja Hoffmann;$5.92B;-$97.7M;+$76.5M ;Switzerland;Health Care;;;;
476;Majid Al Futtaim;$5.92B;+$111M;-$684M ;United Arab Emirates;Real-Estate;;;;
477;Edward Roski;$5.90B;-$25.0M;+$79.3M ;United States;Real-Estate;;;;
478;Zhang Lei;$5.90B;-$34.1M;+$261M ;China;Finance;;;;
479;Charles Johnson;$5.89B;-$114M;+$1.08B ;United States;Finance;;;;
480;Richard Branson;$5.88B;-$15.9M;+$161M ;United Kingdom;Diversified;;;;
481;Miuccia Prada;$5.88B;-$20.6M;-$70.3M ;Italy;Consumer;;;;
482;Vivien Chen;$5.88B;-$125M;+$849M ;Hong Kong;Real-Estate;;;;
483;Marcos Galperin;$5.88B;-$12.2M;-$1.18B ;Argentina;Technology;;;;
484;Bidzina Ivanishvili;$5.87B;-$25.0M;+$200M ;Georgia;Diversified;;;;
485;Guenther Fielmann;$5.86B;-$28.1M;-$128M ;Germany;Consumer;;;;
486;Patrizio Bertelli;$5.86B;-$45.6M;-$70.4M ;Italy;Consumer;;;;
487;Pat Stryker;$5.84B;-$85.6M;+$175M ;United States;Health Care;;;;
488;Francis Choi;$5.84B;+$298k;-$198M ;Hong Kong;Real-Estate;;;;
489;Jeffery Hildebrand;$5.82B;-$133M;+$2.72B ;United States;Energy;;;;
490;Li Ping;$5.81B;-$36.7M;+$344M ;China;Industrial;;;;
491;Chip Wilson;$5.81B;-$28.1M;-$149M ;Canada;Retail;;;;
492;Marie Besnier Beauvalot;$5.80B;-$52.1M;+$314M ;France;Food & Beverage;;;;
493;Clive Calder;$5.78B;-$25.0M;+$325M ;United Kingdom;Entertainment;;;;
494;Kwon Hyuk-Bin;$5.77B;-$76.0M;-$266M ;Korea;Media & Telecom;;;;
495;Mark Cuban;$5.75B;-$25.0M;+$826M ;United States;Technology;;;;
496;Lino Saputo;$5.75B;-$48.0M;+$772M ;Canada;Food & Beverage;;;;
497;Prajogo Pangestu;$5.74B;-$74.7M;-$1.03B ;Indonesia;Energy;;;;
498;Charles Dolan & Family;$5.74B;-$35.8M;+$212M ;United States;Media & Telecom;;;;
499;Vladimir Kim;$5.72B;+$2.80M;+$792M ;Kazakhstan;Commodities;;;;
500;Odd Reitan;$5.72B;-$19.9M;+$669M;Norway;Food & Beverage;;;;
;;;;;;;;;;
;;;;;;;;;;
;;;;;;;;;;
;;;;;;;;;;